{
	"credit": "Made by SheepYhangCN with Blockbench",
	"texture_size": [64, 32],
	"textures": {
		"2": "items/keyboard"
	},
	"elements": [
		{
			"from": [29, 1, 13],
			"to": [30, 2, 14],
			"rotation": {"angle": 0, "axis": "y", "origin": [-8, 0, -7]},
			"faces": {
				"north": {"uv": [8, 0, 8.25, 0.5], "texture": "#2"},
				"east": {"uv": [8, 0, 8.25, 0.5], "texture": "#2"},
				"south": {"uv": [8, 0, 8.25, 0.5], "texture": "#2"},
				"west": {"uv": [8, 0, 8.25, 0.5], "texture": "#2"},
				"up": {"uv": [8, 0, 8.25, 0.5], "texture": "#2"},
				"down": {"uv": [8, 0, 8.25, 0.5], "texture": "#2"}
			}
		},
		{
			"from": [26, 1, 13],
			"to": [27, 2, 14],
			"rotation": {"angle": 0, "axis": "y", "origin": [-8, 0, -7]},
			"faces": {
				"north": {"uv": [8, 0, 8.25, 0.5], "texture": "#2"},
				"east": {"uv": [8, 0, 8.25, 0.5], "texture": "#2"},
				"south": {"uv": [8, 0, 8.25, 0.5], "texture": "#2"},
				"west": {"uv": [8, 0, 8.25, 0.5], "texture": "#2"},
				"up": {"uv": [8, 0, 8.25, 0.5], "texture": "#2"},
				"down": {"uv": [8, 0, 8.25, 0.5], "texture": "#2"}
			}
		},
		{
			"from": [24, 1, 13],
			"to": [25, 2, 14],
			"rotation": {"angle": 0, "axis": "y", "origin": [-8, 0, -7]},
			"faces": {
				"north": {"uv": [8, 0, 8.25, 0.5], "texture": "#2"},
				"east": {"uv": [8, 0, 8.25, 0.5], "texture": "#2"},
				"south": {"uv": [8, 0, 8.25, 0.5], "texture": "#2"},
				"west": {"uv": [8, 0, 8.25, 0.5], "texture": "#2"},
				"up": {"uv": [8, 0, 8.25, 0.5], "texture": "#2"},
				"down": {"uv": [8, 0, 8.25, 0.5], "texture": "#2"}
			}
		},
		{
			"from": [22, 1, 13],
			"to": [23, 2, 14],
			"rotation": {"angle": 0, "axis": "y", "origin": [-8, 0, -7]},
			"faces": {
				"north": {"uv": [8, 0, 8.25, 0.5], "texture": "#2"},
				"east": {"uv": [8, 0, 8.25, 0.5], "texture": "#2"},
				"south": {"uv": [8, 0, 8.25, 0.5], "texture": "#2"},
				"west": {"uv": [8, 0, 8.25, 0.5], "texture": "#2"},
				"up": {"uv": [8, 0, 8.25, 0.5], "texture": "#2"},
				"down": {"uv": [8, 0, 8.25, 0.5], "texture": "#2"}
			}
		},
		{
			"from": [20, 1, 13],
			"to": [21, 2, 14],
			"rotation": {"angle": 0, "axis": "y", "origin": [-8, 0, -7]},
			"faces": {
				"north": {"uv": [8, 0, 8.25, 0.5], "texture": "#2"},
				"east": {"uv": [8, 0, 8.25, 0.5], "texture": "#2"},
				"south": {"uv": [8, 0, 8.25, 0.5], "texture": "#2"},
				"west": {"uv": [8, 0, 8.25, 0.5], "texture": "#2"},
				"up": {"uv": [8, 0, 8.25, 0.5], "texture": "#2"},
				"down": {"uv": [8, 0, 8.25, 0.5], "texture": "#2"}
			}
		},
		{
			"from": [17, 1, 13],
			"to": [18, 2, 14],
			"rotation": {"angle": 0, "axis": "y", "origin": [-8, 0, -7]},
			"faces": {
				"north": {"uv": [8, 0, 8.25, 0.5], "texture": "#2"},
				"east": {"uv": [8, 0, 8.25, 0.5], "texture": "#2"},
				"south": {"uv": [8, 0, 8.25, 0.5], "texture": "#2"},
				"west": {"uv": [8, 0, 8.25, 0.5], "texture": "#2"},
				"up": {"uv": [8, 0, 8.25, 0.5], "texture": "#2"},
				"down": {"uv": [8, 0, 8.25, 0.5], "texture": "#2"}
			}
		},
		{
			"from": [15, 1, 13],
			"to": [16, 2, 14],
			"rotation": {"angle": 0, "axis": "y", "origin": [-8, 0, -7]},
			"faces": {
				"north": {"uv": [8, 0, 8.25, 0.5], "texture": "#2"},
				"east": {"uv": [8, 0, 8.25, 0.5], "texture": "#2"},
				"south": {"uv": [8, 0, 8.25, 0.5], "texture": "#2"},
				"west": {"uv": [8, 0, 8.25, 0.5], "texture": "#2"},
				"up": {"uv": [8, 0, 8.25, 0.5], "texture": "#2"},
				"down": {"uv": [8, 0, 8.25, 0.5], "texture": "#2"}
			}
		},
		{
			"from": [13, 1, 13],
			"to": [14, 2, 14],
			"rotation": {"angle": 0, "axis": "y", "origin": [-8, 0, -7]},
			"faces": {
				"north": {"uv": [8, 0, 8.25, 0.5], "texture": "#2"},
				"east": {"uv": [8, 0, 8.25, 0.5], "texture": "#2"},
				"south": {"uv": [8, 0, 8.25, 0.5], "texture": "#2"},
				"west": {"uv": [8, 0, 8.25, 0.5], "texture": "#2"},
				"up": {"uv": [8, 0, 8.25, 0.5], "texture": "#2"},
				"down": {"uv": [8, 0, 8.25, 0.5], "texture": "#2"}
			}
		},
		{
			"from": [11, 1, 13],
			"to": [12, 2, 14],
			"rotation": {"angle": 0, "axis": "y", "origin": [-8, 0, -7]},
			"faces": {
				"north": {"uv": [8, 0, 8.25, 0.5], "texture": "#2"},
				"east": {"uv": [8, 0, 8.25, 0.5], "texture": "#2"},
				"south": {"uv": [8, 0, 8.25, 0.5], "texture": "#2"},
				"west": {"uv": [8, 0, 8.25, 0.5], "texture": "#2"},
				"up": {"uv": [8, 0, 8.25, 0.5], "texture": "#2"},
				"down": {"uv": [8, 0, 8.25, 0.5], "texture": "#2"}
			}
		},
		{
			"from": [8, 1, 13],
			"to": [9, 2, 14],
			"rotation": {"angle": 0, "axis": "y", "origin": [-8, 0, -7]},
			"faces": {
				"north": {"uv": [8, 0, 8.25, 0.5], "texture": "#2"},
				"east": {"uv": [8, 0, 8.25, 0.5], "texture": "#2"},
				"south": {"uv": [8, 0, 8.25, 0.5], "texture": "#2"},
				"west": {"uv": [8, 0, 8.25, 0.5], "texture": "#2"},
				"up": {"uv": [8, 0, 8.25, 0.5], "texture": "#2"},
				"down": {"uv": [8, 0, 8.25, 0.5], "texture": "#2"}
			}
		},
		{
			"from": [6, 1, 13],
			"to": [7, 2, 14],
			"rotation": {"angle": 0, "axis": "y", "origin": [-8, 0, -7]},
			"faces": {
				"north": {"uv": [8, 0, 8.25, 0.5], "texture": "#2"},
				"east": {"uv": [8, 0, 8.25, 0.5], "texture": "#2"},
				"south": {"uv": [8, 0, 8.25, 0.5], "texture": "#2"},
				"west": {"uv": [8, 0, 8.25, 0.5], "texture": "#2"},
				"up": {"uv": [8, 0, 8.25, 0.5], "texture": "#2"},
				"down": {"uv": [8, 0, 8.25, 0.5], "texture": "#2"}
			}
		},
		{
			"from": [4, 1, 13],
			"to": [5, 2, 14],
			"rotation": {"angle": 0, "axis": "y", "origin": [-8, 0, -7]},
			"faces": {
				"north": {"uv": [8, 0, 8.25, 0.5], "texture": "#2"},
				"east": {"uv": [8, 0, 8.25, 0.5], "texture": "#2"},
				"south": {"uv": [8, 0, 8.25, 0.5], "texture": "#2"},
				"west": {"uv": [8, 0, 8.25, 0.5], "texture": "#2"},
				"up": {"uv": [8, 0, 8.25, 0.5], "texture": "#2"},
				"down": {"uv": [8, 0, 8.25, 0.5], "texture": "#2"}
			}
		},
		{
			"from": [2, 1, 13],
			"to": [3, 2, 14],
			"rotation": {"angle": 0, "axis": "y", "origin": [-8, 0, -7]},
			"faces": {
				"north": {"uv": [8, 0, 8.25, 0.5], "texture": "#2"},
				"east": {"uv": [8, 0, 8.25, 0.5], "texture": "#2"},
				"south": {"uv": [8, 0, 8.25, 0.5], "texture": "#2"},
				"west": {"uv": [8, 0, 8.25, 0.5], "texture": "#2"},
				"up": {"uv": [8, 0, 8.25, 0.5], "texture": "#2"},
				"down": {"uv": [8, 0, 8.25, 0.5], "texture": "#2"}
			}
		},
		{
			"from": [-1, 1, 13],
			"to": [0, 2, 14],
			"rotation": {"angle": 0, "axis": "y", "origin": [-8, 0, -7]},
			"faces": {
				"north": {"uv": [8, 0, 8.25, 0.5], "texture": "#2"},
				"east": {"uv": [8, 0, 8.25, 0.5], "texture": "#2"},
				"south": {"uv": [8, 0, 8.25, 0.5], "texture": "#2"},
				"west": {"uv": [8, 0, 8.25, 0.5], "texture": "#2"},
				"up": {"uv": [8, 0, 8.25, 0.5], "texture": "#2"},
				"down": {"uv": [8, 0, 8.25, 0.5], "texture": "#2"}
			}
		},
		{
			"from": [-3, 1, 13],
			"to": [-2, 2, 14],
			"rotation": {"angle": 0, "axis": "y", "origin": [-8, 0, -7]},
			"faces": {
				"north": {"uv": [8, 0, 8.25, 0.5], "texture": "#2"},
				"east": {"uv": [8, 0, 8.25, 0.5], "texture": "#2"},
				"south": {"uv": [8, 0, 8.25, 0.5], "texture": "#2"},
				"west": {"uv": [8, 0, 8.25, 0.5], "texture": "#2"},
				"up": {"uv": [8, 0, 8.25, 0.5], "texture": "#2"},
				"down": {"uv": [8, 0, 8.25, 0.5], "texture": "#2"}
			}
		},
		{
			"from": [-5, 1, 13],
			"to": [-4, 2, 14],
			"rotation": {"angle": 0, "axis": "y", "origin": [-8, 0, -7]},
			"faces": {
				"north": {"uv": [8, 0, 8.25, 0.5], "texture": "#2"},
				"east": {"uv": [8, 0, 8.25, 0.5], "texture": "#2"},
				"south": {"uv": [8, 0, 8.25, 0.5], "texture": "#2"},
				"west": {"uv": [8, 0, 8.25, 0.5], "texture": "#2"},
				"up": {"uv": [8, 0, 8.25, 0.5], "texture": "#2"},
				"down": {"uv": [8, 0, 8.25, 0.5], "texture": "#2"}
			}
		},
		{
			"from": [-13, 1, 13],
			"to": [-7, 2, 14],
			"rotation": {"angle": 0, "axis": "y", "origin": [-8, 0, -7]},
			"faces": {
				"north": {"uv": [8, 0, 8.25, 0.5], "texture": "#2"},
				"east": {"uv": [8, 0, 8.25, 0.5], "texture": "#2"},
				"south": {"uv": [8, 0, 8.25, 0.5], "texture": "#2"},
				"west": {"uv": [8, 0, 8.25, 0.5], "texture": "#2"},
				"up": {"uv": [8, 0, 8.25, 0.5], "texture": "#2"},
				"down": {"uv": [8, 0, 8.25, 0.5], "texture": "#2"}
			}
		},
		{
			"from": [-14, 1, 11],
			"to": [-13, 2, 12],
			"rotation": {"angle": 0, "axis": "y", "origin": [-8, 0, -8]},
			"faces": {
				"north": {"uv": [8, 0, 8.25, 0.5], "texture": "#2"},
				"east": {"uv": [8, 0, 8.25, 0.5], "texture": "#2"},
				"south": {"uv": [8, 0, 8.25, 0.5], "texture": "#2"},
				"west": {"uv": [8, 0, 8.25, 0.5], "texture": "#2"},
				"up": {"uv": [8, 0, 8.25, 0.5], "texture": "#2"},
				"down": {"uv": [8, 0, 8.25, 0.5], "texture": "#2"}
			}
		},
		{
			"from": [-14, 1, 7],
			"to": [-13, 2, 10],
			"rotation": {"angle": 0, "axis": "y", "origin": [-8, 0, -8]},
			"faces": {
				"north": {"uv": [8, 0, 8.25, 0.5], "texture": "#2"},
				"east": {"uv": [8, 0, 8.25, 0.5], "texture": "#2"},
				"south": {"uv": [8, 0, 8.25, 0.5], "texture": "#2"},
				"west": {"uv": [8, 0, 8.25, 0.5], "texture": "#2"},
				"up": {"uv": [8, 0, 8.25, 0.5], "texture": "#2"},
				"down": {"uv": [8, 0, 8.25, 0.5], "texture": "#2"}
			}
		},
		{
			"from": [-14, 1, 3],
			"to": [-13, 2, 6],
			"rotation": {"angle": 0, "axis": "y", "origin": [-8, 0, -8]},
			"faces": {
				"north": {"uv": [8, 0, 8.25, 0.5], "texture": "#2"},
				"east": {"uv": [8, 0, 8.25, 0.5], "texture": "#2"},
				"south": {"uv": [8, 0, 8.25, 0.5], "texture": "#2"},
				"west": {"uv": [8, 0, 8.25, 0.5], "texture": "#2"},
				"up": {"uv": [8, 0, 8.25, 0.5], "texture": "#2"},
				"down": {"uv": [8, 0, 8.25, 0.5], "texture": "#2"}
			}
		},
		{
			"from": [-8, 1, 9],
			"to": [-7, 2, 10],
			"rotation": {"angle": 0, "axis": "y", "origin": [-8, 0, -8]},
			"faces": {
				"north": {"uv": [8, 0, 8.25, 0.5], "texture": "#2"},
				"east": {"uv": [8, 0, 8.25, 0.5], "texture": "#2"},
				"south": {"uv": [8, 0, 8.25, 0.5], "texture": "#2"},
				"west": {"uv": [8, 0, 8.25, 0.5], "texture": "#2"},
				"up": {"uv": [8, 0, 8.25, 0.5], "texture": "#2"},
				"down": {"uv": [8, 0, 8.25, 0.5], "texture": "#2"}
			}
		},
		{
			"from": [-10, 1, 9],
			"to": [-9, 2, 10],
			"rotation": {"angle": 0, "axis": "y", "origin": [-8, 0, -8]},
			"faces": {
				"north": {"uv": [8, 0, 8.25, 0.5], "texture": "#2"},
				"east": {"uv": [8, 0, 8.25, 0.5], "texture": "#2"},
				"south": {"uv": [8, 0, 8.25, 0.5], "texture": "#2"},
				"west": {"uv": [8, 0, 8.25, 0.5], "texture": "#2"},
				"up": {"uv": [8, 0, 8.25, 0.5], "texture": "#2"},
				"down": {"uv": [8, 0, 8.25, 0.5], "texture": "#2"}
			}
		},
		{
			"from": [-12, 1, 9],
			"to": [-11, 2, 10],
			"rotation": {"angle": 0, "axis": "y", "origin": [-8, 0, -8]},
			"faces": {
				"north": {"uv": [8, 0, 8.25, 0.5], "texture": "#2"},
				"east": {"uv": [8, 0, 8.25, 0.5], "texture": "#2"},
				"south": {"uv": [8, 0, 8.25, 0.5], "texture": "#2"},
				"west": {"uv": [8, 0, 8.25, 0.5], "texture": "#2"},
				"up": {"uv": [8, 0, 8.25, 0.5], "texture": "#2"},
				"down": {"uv": [8, 0, 8.25, 0.5], "texture": "#2"}
			}
		},
		{
			"from": [-12, 1, 11],
			"to": [-11, 2, 12],
			"rotation": {"angle": 0, "axis": "y", "origin": [-8, 0, -8]},
			"faces": {
				"north": {"uv": [8, 0, 8.25, 0.5], "texture": "#2"},
				"east": {"uv": [8, 0, 8.25, 0.5], "texture": "#2"},
				"south": {"uv": [8, 0, 8.25, 0.5], "texture": "#2"},
				"west": {"uv": [8, 0, 8.25, 0.5], "texture": "#2"},
				"up": {"uv": [8, 0, 8.25, 0.5], "texture": "#2"},
				"down": {"uv": [8, 0, 8.25, 0.5], "texture": "#2"}
			}
		},
		{
			"from": [-10, 1, 11],
			"to": [-9, 2, 12],
			"rotation": {"angle": 0, "axis": "y", "origin": [-8, 0, -8]},
			"faces": {
				"north": {"uv": [8, 0, 8.25, 0.5], "texture": "#2"},
				"east": {"uv": [8, 0, 8.25, 0.5], "texture": "#2"},
				"south": {"uv": [8, 0, 8.25, 0.5], "texture": "#2"},
				"west": {"uv": [8, 0, 8.25, 0.5], "texture": "#2"},
				"up": {"uv": [8, 0, 8.25, 0.5], "texture": "#2"},
				"down": {"uv": [8, 0, 8.25, 0.5], "texture": "#2"}
			}
		},
		{
			"from": [-8, 1, 11],
			"to": [-7, 2, 12],
			"rotation": {"angle": 0, "axis": "y", "origin": [-8, 0, -8]},
			"faces": {
				"north": {"uv": [8, 0, 8.25, 0.5], "texture": "#2"},
				"east": {"uv": [8, 0, 8.25, 0.5], "texture": "#2"},
				"south": {"uv": [8, 0, 8.25, 0.5], "texture": "#2"},
				"west": {"uv": [8, 0, 8.25, 0.5], "texture": "#2"},
				"up": {"uv": [8, 0, 8.25, 0.5], "texture": "#2"},
				"down": {"uv": [8, 0, 8.25, 0.5], "texture": "#2"}
			}
		},
		{
			"from": [-8, 1, 7],
			"to": [-7, 2, 8],
			"rotation": {"angle": 0, "axis": "y", "origin": [-8, 0, -8]},
			"faces": {
				"north": {"uv": [8, 0, 8.25, 0.5], "texture": "#2"},
				"east": {"uv": [8, 0, 8.25, 0.5], "texture": "#2"},
				"south": {"uv": [8, 0, 8.25, 0.5], "texture": "#2"},
				"west": {"uv": [8, 0, 8.25, 0.5], "texture": "#2"},
				"up": {"uv": [8, 0, 8.25, 0.5], "texture": "#2"},
				"down": {"uv": [8, 0, 8.25, 0.5], "texture": "#2"}
			}
		},
		{
			"from": [-10, 1, 7],
			"to": [-9, 2, 8],
			"rotation": {"angle": 0, "axis": "y", "origin": [-8, 0, -8]},
			"faces": {
				"north": {"uv": [8, 0, 8.25, 0.5], "texture": "#2"},
				"east": {"uv": [8, 0, 8.25, 0.5], "texture": "#2"},
				"south": {"uv": [8, 0, 8.25, 0.5], "texture": "#2"},
				"west": {"uv": [8, 0, 8.25, 0.5], "texture": "#2"},
				"up": {"uv": [8, 0, 8.25, 0.5], "texture": "#2"},
				"down": {"uv": [8, 0, 8.25, 0.5], "texture": "#2"}
			}
		},
		{
			"from": [-12, 1, 7],
			"to": [-11, 2, 8],
			"rotation": {"angle": 0, "axis": "y", "origin": [-8, 0, -8]},
			"faces": {
				"north": {"uv": [8, 0, 8.25, 0.5], "texture": "#2"},
				"east": {"uv": [8, 0, 8.25, 0.5], "texture": "#2"},
				"south": {"uv": [8, 0, 8.25, 0.5], "texture": "#2"},
				"west": {"uv": [8, 0, 8.25, 0.5], "texture": "#2"},
				"up": {"uv": [8, 0, 8.25, 0.5], "texture": "#2"},
				"down": {"uv": [8, 0, 8.25, 0.5], "texture": "#2"}
			}
		},
		{
			"from": [-8, 1, 5],
			"to": [-7, 2, 6],
			"rotation": {"angle": 0, "axis": "y", "origin": [-8, 0, -8]},
			"faces": {
				"north": {"uv": [8, 0, 8.25, 0.5], "texture": "#2"},
				"east": {"uv": [8, 0, 8.25, 0.5], "texture": "#2"},
				"south": {"uv": [8, 0, 8.25, 0.5], "texture": "#2"},
				"west": {"uv": [8, 0, 8.25, 0.5], "texture": "#2"},
				"up": {"uv": [8, 0, 8.25, 0.5], "texture": "#2"},
				"down": {"uv": [8, 0, 8.25, 0.5], "texture": "#2"}
			}
		},
		{
			"from": [-10, 1, 5],
			"to": [-9, 2, 6],
			"rotation": {"angle": 0, "axis": "y", "origin": [-8, 0, -8]},
			"faces": {
				"north": {"uv": [8, 0, 8.25, 0.5], "texture": "#2"},
				"east": {"uv": [8, 0, 8.25, 0.5], "texture": "#2"},
				"south": {"uv": [8, 0, 8.25, 0.5], "texture": "#2"},
				"west": {"uv": [8, 0, 8.25, 0.5], "texture": "#2"},
				"up": {"uv": [8, 0, 8.25, 0.5], "texture": "#2"},
				"down": {"uv": [8, 0, 8.25, 0.5], "texture": "#2"}
			}
		},
		{
			"from": [-12, 1, 5],
			"to": [-11, 2, 6],
			"rotation": {"angle": 0, "axis": "y", "origin": [-8, 0, -8]},
			"faces": {
				"north": {"uv": [8, 0, 8.25, 0.5], "texture": "#2"},
				"east": {"uv": [8, 0, 8.25, 0.5], "texture": "#2"},
				"south": {"uv": [8, 0, 8.25, 0.5], "texture": "#2"},
				"west": {"uv": [8, 0, 8.25, 0.5], "texture": "#2"},
				"up": {"uv": [8, 0, 8.25, 0.5], "texture": "#2"},
				"down": {"uv": [8, 0, 8.25, 0.5], "texture": "#2"}
			}
		},
		{
			"from": [-10, 1, 3],
			"to": [-7, 2, 4],
			"rotation": {"angle": 0, "axis": "y", "origin": [-8, 0, -8]},
			"faces": {
				"north": {"uv": [8, 0, 8.25, 0.5], "texture": "#2"},
				"east": {"uv": [8, 0, 8.25, 0.5], "texture": "#2"},
				"south": {"uv": [8, 0, 8.25, 0.5], "texture": "#2"},
				"west": {"uv": [8, 0, 8.25, 0.5], "texture": "#2"},
				"up": {"uv": [8, 0, 8.25, 0.5], "texture": "#2"},
				"down": {"uv": [8, 0, 8.25, 0.5], "texture": "#2"}
			}
		},
		{
			"from": [-12, 1, 3],
			"to": [-11, 2, 4],
			"rotation": {"angle": 0, "axis": "y", "origin": [-8, 0, -8]},
			"faces": {
				"north": {"uv": [8, 0, 8.25, 0.5], "texture": "#2"},
				"east": {"uv": [8, 0, 8.25, 0.5], "texture": "#2"},
				"south": {"uv": [8, 0, 8.25, 0.5], "texture": "#2"},
				"west": {"uv": [8, 0, 8.25, 0.5], "texture": "#2"},
				"up": {"uv": [8, 0, 8.25, 0.5], "texture": "#2"},
				"down": {"uv": [8, 0, 8.25, 0.5], "texture": "#2"}
			}
		},
		{
			"from": [-1, 1, 10],
			"to": [0, 2, 11],
			"rotation": {"angle": 0, "axis": "y", "origin": [-8, 0, -8]},
			"faces": {
				"north": {"uv": [8, 0, 8.25, 0.5], "texture": "#2"},
				"east": {"uv": [8, 0, 8.25, 0.5], "texture": "#2"},
				"south": {"uv": [8, 0, 8.25, 0.5], "texture": "#2"},
				"west": {"uv": [8, 0, 8.25, 0.5], "texture": "#2"},
				"up": {"uv": [8, 0, 8.25, 0.5], "texture": "#2"},
				"down": {"uv": [8, 0, 8.25, 0.5], "texture": "#2"}
			}
		},
		{
			"from": [-3, 1, 10],
			"to": [-2, 2, 11],
			"rotation": {"angle": 0, "axis": "y", "origin": [-8, 0, -8]},
			"faces": {
				"north": {"uv": [8, 0, 8.25, 0.5], "texture": "#2"},
				"east": {"uv": [8, 0, 8.25, 0.5], "texture": "#2"},
				"south": {"uv": [8, 0, 8.25, 0.5], "texture": "#2"},
				"west": {"uv": [8, 0, 8.25, 0.5], "texture": "#2"},
				"up": {"uv": [8, 0, 8.25, 0.5], "texture": "#2"},
				"down": {"uv": [8, 0, 8.25, 0.5], "texture": "#2"}
			}
		},
		{
			"from": [-5, 1, 10],
			"to": [-4, 2, 11],
			"rotation": {"angle": 0, "axis": "y", "origin": [-8, 0, -8]},
			"faces": {
				"north": {"uv": [8, 0, 8.25, 0.5], "texture": "#2"},
				"east": {"uv": [8, 0, 8.25, 0.5], "texture": "#2"},
				"south": {"uv": [8, 0, 8.25, 0.5], "texture": "#2"},
				"west": {"uv": [8, 0, 8.25, 0.5], "texture": "#2"},
				"up": {"uv": [8, 0, 8.25, 0.5], "texture": "#2"},
				"down": {"uv": [8, 0, 8.25, 0.5], "texture": "#2"}
			}
		},
		{
			"from": [-1, 1, 8],
			"to": [0, 2, 9],
			"rotation": {"angle": 0, "axis": "y", "origin": [-8, 0, -8]},
			"faces": {
				"north": {"uv": [8, 0, 8.25, 0.5], "texture": "#2"},
				"east": {"uv": [8, 0, 8.25, 0.5], "texture": "#2"},
				"south": {"uv": [8, 0, 8.25, 0.5], "texture": "#2"},
				"west": {"uv": [8, 0, 8.25, 0.5], "texture": "#2"},
				"up": {"uv": [8, 0, 8.25, 0.5], "texture": "#2"},
				"down": {"uv": [8, 0, 8.25, 0.5], "texture": "#2"}
			}
		},
		{
			"from": [-3, 1, 8],
			"to": [-2, 2, 9],
			"rotation": {"angle": 0, "axis": "y", "origin": [-8, 0, -8]},
			"faces": {
				"north": {"uv": [8, 0, 8.25, 0.5], "texture": "#2"},
				"east": {"uv": [8, 0, 8.25, 0.5], "texture": "#2"},
				"south": {"uv": [8, 0, 8.25, 0.5], "texture": "#2"},
				"west": {"uv": [8, 0, 8.25, 0.5], "texture": "#2"},
				"up": {"uv": [8, 0, 8.25, 0.5], "texture": "#2"},
				"down": {"uv": [8, 0, 8.25, 0.5], "texture": "#2"}
			}
		},
		{
			"from": [-5, 1, 8],
			"to": [-4, 2, 9],
			"rotation": {"angle": 0, "axis": "y", "origin": [-8, 0, -8]},
			"faces": {
				"north": {"uv": [8, 0, 8.25, 0.5], "texture": "#2"},
				"east": {"uv": [8, 0, 8.25, 0.5], "texture": "#2"},
				"south": {"uv": [8, 0, 8.25, 0.5], "texture": "#2"},
				"west": {"uv": [8, 0, 8.25, 0.5], "texture": "#2"},
				"up": {"uv": [8, 0, 8.25, 0.5], "texture": "#2"},
				"down": {"uv": [8, 0, 8.25, 0.5], "texture": "#2"}
			}
		},
		{
			"from": [-1, 1, 3],
			"to": [0, 2, 4],
			"rotation": {"angle": 0, "axis": "y", "origin": [-8, 0, -8]},
			"faces": {
				"north": {"uv": [8, 0, 8.25, 0.5], "texture": "#2"},
				"east": {"uv": [8, 0, 8.25, 0.5], "texture": "#2"},
				"south": {"uv": [8, 0, 8.25, 0.5], "texture": "#2"},
				"west": {"uv": [8, 0, 8.25, 0.5], "texture": "#2"},
				"up": {"uv": [8, 0, 8.25, 0.5], "texture": "#2"},
				"down": {"uv": [8, 0, 8.25, 0.5], "texture": "#2"}
			}
		},
		{
			"from": [-3, 1, 3],
			"to": [-2, 2, 4],
			"rotation": {"angle": 0, "axis": "y", "origin": [-8, 0, -8]},
			"faces": {
				"north": {"uv": [8, 0, 8.25, 0.5], "texture": "#2"},
				"east": {"uv": [8, 0, 8.25, 0.5], "texture": "#2"},
				"south": {"uv": [8, 0, 8.25, 0.5], "texture": "#2"},
				"west": {"uv": [8, 0, 8.25, 0.5], "texture": "#2"},
				"up": {"uv": [8, 0, 8.25, 0.5], "texture": "#2"},
				"down": {"uv": [8, 0, 8.25, 0.5], "texture": "#2"}
			}
		},
		{
			"from": [-5, 1, 3],
			"to": [-4, 2, 4],
			"rotation": {"angle": 0, "axis": "y", "origin": [-8, 0, -8]},
			"faces": {
				"north": {"uv": [8, 0, 8.25, 0.5], "texture": "#2"},
				"east": {"uv": [8, 0, 8.25, 0.5], "texture": "#2"},
				"south": {"uv": [8, 0, 8.25, 0.5], "texture": "#2"},
				"west": {"uv": [8, 0, 8.25, 0.5], "texture": "#2"},
				"up": {"uv": [8, 0, 8.25, 0.5], "texture": "#2"},
				"down": {"uv": [8, 0, 8.25, 0.5], "texture": "#2"}
			}
		},
		{
			"from": [-3, 1, 5],
			"to": [-2, 2, 6],
			"rotation": {"angle": 0, "axis": "y", "origin": [-8, 0, -8]},
			"faces": {
				"north": {"uv": [8, 0, 8.25, 0.5], "texture": "#2"},
				"east": {"uv": [8, 0, 8.25, 0.5], "texture": "#2"},
				"south": {"uv": [8, 0, 8.25, 0.5], "texture": "#2"},
				"west": {"uv": [8, 0, 8.25, 0.5], "texture": "#2"},
				"up": {"uv": [8, 0, 8.25, 0.5], "texture": "#2"},
				"down": {"uv": [8, 0, 8.25, 0.5], "texture": "#2"}
			}
		},
		{
			"from": [2, 1, 10],
			"to": [4, 2, 11],
			"rotation": {"angle": 0, "axis": "y", "origin": [-8, 0, -8]},
			"faces": {
				"north": {"uv": [8, 0, 8.5, 0.5], "texture": "#2"},
				"east": {"uv": [8, 0, 8.5, 0.5], "texture": "#2"},
				"south": {"uv": [8, 0, 8.5, 0.5], "texture": "#2"},
				"west": {"uv": [8, 0, 8.5, 0.5], "texture": "#2"},
				"up": {"uv": [8, 0, 8.5, 0.5], "texture": "#2"},
				"down": {"uv": [8, 0, 8.5, 0.5], "texture": "#2"}
			}
		},
		{
			"from": [29, 1, 10],
			"to": [30, 2, 11],
			"rotation": {"angle": 0, "axis": "y", "origin": [-8, 0, -8]},
			"faces": {
				"north": {"uv": [8, 0, 8.25, 0.5], "texture": "#2"},
				"east": {"uv": [8, 0, 8.25, 0.5], "texture": "#2"},
				"south": {"uv": [8, 0, 8.25, 0.5], "texture": "#2"},
				"west": {"uv": [8, 0, 8.25, 0.5], "texture": "#2"},
				"up": {"uv": [8, 0, 8.25, 0.5], "texture": "#2"},
				"down": {"uv": [8, 0, 8.25, 0.5], "texture": "#2"}
			}
		},
		{
			"from": [27, 1, 10],
			"to": [28, 2, 11],
			"rotation": {"angle": 0, "axis": "y", "origin": [-8, 0, -8]},
			"faces": {
				"north": {"uv": [8, 0, 8.25, 0.5], "texture": "#2"},
				"east": {"uv": [8, 0, 8.25, 0.5], "texture": "#2"},
				"south": {"uv": [8, 0, 8.25, 0.5], "texture": "#2"},
				"west": {"uv": [8, 0, 8.25, 0.5], "texture": "#2"},
				"up": {"uv": [8, 0, 8.25, 0.5], "texture": "#2"},
				"down": {"uv": [8, 0, 8.25, 0.5], "texture": "#2"}
			}
		},
		{
			"from": [25, 1, 10],
			"to": [26, 2, 11],
			"rotation": {"angle": 0, "axis": "y", "origin": [-8, 0, -8]},
			"faces": {
				"north": {"uv": [8, 0, 8.25, 0.5], "texture": "#2"},
				"east": {"uv": [8, 0, 8.25, 0.5], "texture": "#2"},
				"south": {"uv": [8, 0, 8.25, 0.5], "texture": "#2"},
				"west": {"uv": [8, 0, 8.25, 0.5], "texture": "#2"},
				"up": {"uv": [8, 0, 8.25, 0.5], "texture": "#2"},
				"down": {"uv": [8, 0, 8.25, 0.5], "texture": "#2"}
			}
		},
		{
			"from": [23, 1, 10],
			"to": [24, 2, 11],
			"rotation": {"angle": 0, "axis": "y", "origin": [-8, 0, -8]},
			"faces": {
				"north": {"uv": [8, 0, 8.25, 0.5], "texture": "#2"},
				"east": {"uv": [8, 0, 8.25, 0.5], "texture": "#2"},
				"south": {"uv": [8, 0, 8.25, 0.5], "texture": "#2"},
				"west": {"uv": [8, 0, 8.25, 0.5], "texture": "#2"},
				"up": {"uv": [8, 0, 8.25, 0.5], "texture": "#2"},
				"down": {"uv": [8, 0, 8.25, 0.5], "texture": "#2"}
			}
		},
		{
			"from": [21, 1, 10],
			"to": [22, 2, 11],
			"rotation": {"angle": 0, "axis": "y", "origin": [-8, 0, -8]},
			"faces": {
				"north": {"uv": [8, 0, 8.25, 0.5], "texture": "#2"},
				"east": {"uv": [8, 0, 8.25, 0.5], "texture": "#2"},
				"south": {"uv": [8, 0, 8.25, 0.5], "texture": "#2"},
				"west": {"uv": [8, 0, 8.25, 0.5], "texture": "#2"},
				"up": {"uv": [8, 0, 8.25, 0.5], "texture": "#2"},
				"down": {"uv": [8, 0, 8.25, 0.5], "texture": "#2"}
			}
		},
		{
			"from": [19, 1, 10],
			"to": [20, 2, 11],
			"rotation": {"angle": 0, "axis": "y", "origin": [-8, 0, -8]},
			"faces": {
				"north": {"uv": [8, 0, 8.25, 0.5], "texture": "#2"},
				"east": {"uv": [8, 0, 8.25, 0.5], "texture": "#2"},
				"south": {"uv": [8, 0, 8.25, 0.5], "texture": "#2"},
				"west": {"uv": [8, 0, 8.25, 0.5], "texture": "#2"},
				"up": {"uv": [8, 0, 8.25, 0.5], "texture": "#2"},
				"down": {"uv": [8, 0, 8.25, 0.5], "texture": "#2"}
			}
		},
		{
			"from": [17, 1, 10],
			"to": [18, 2, 11],
			"rotation": {"angle": 0, "axis": "y", "origin": [-8, 0, -8]},
			"faces": {
				"north": {"uv": [8, 0, 8.25, 0.5], "texture": "#2"},
				"east": {"uv": [8, 0, 8.25, 0.5], "texture": "#2"},
				"south": {"uv": [8, 0, 8.25, 0.5], "texture": "#2"},
				"west": {"uv": [8, 0, 8.25, 0.5], "texture": "#2"},
				"up": {"uv": [8, 0, 8.25, 0.5], "texture": "#2"},
				"down": {"uv": [8, 0, 8.25, 0.5], "texture": "#2"}
			}
		},
		{
			"from": [15, 1, 10],
			"to": [16, 2, 11],
			"rotation": {"angle": 0, "axis": "y", "origin": [-8, 0, -8]},
			"faces": {
				"north": {"uv": [8, 0, 8.25, 0.5], "texture": "#2"},
				"east": {"uv": [8, 0, 8.25, 0.5], "texture": "#2"},
				"south": {"uv": [8, 0, 8.25, 0.5], "texture": "#2"},
				"west": {"uv": [8, 0, 8.25, 0.5], "texture": "#2"},
				"up": {"uv": [8, 0, 8.25, 0.5], "texture": "#2"},
				"down": {"uv": [8, 0, 8.25, 0.5], "texture": "#2"}
			}
		},
		{
			"from": [13, 1, 10],
			"to": [14, 2, 11],
			"rotation": {"angle": 0, "axis": "y", "origin": [-8, 0, -8]},
			"faces": {
				"north": {"uv": [8, 0, 8.25, 0.5], "texture": "#2"},
				"east": {"uv": [8, 0, 8.25, 0.5], "texture": "#2"},
				"south": {"uv": [8, 0, 8.25, 0.5], "texture": "#2"},
				"west": {"uv": [8, 0, 8.25, 0.5], "texture": "#2"},
				"up": {"uv": [8, 0, 8.25, 0.5], "texture": "#2"},
				"down": {"uv": [8, 0, 8.25, 0.5], "texture": "#2"}
			}
		},
		{
			"from": [11, 1, 10],
			"to": [12, 2, 11],
			"rotation": {"angle": 0, "axis": "y", "origin": [-8, 0, -8]},
			"faces": {
				"north": {"uv": [8, 0, 8.25, 0.5], "texture": "#2"},
				"east": {"uv": [8, 0, 8.25, 0.5], "texture": "#2"},
				"south": {"uv": [8, 0, 8.25, 0.5], "texture": "#2"},
				"west": {"uv": [8, 0, 8.25, 0.5], "texture": "#2"},
				"up": {"uv": [8, 0, 8.25, 0.5], "texture": "#2"},
				"down": {"uv": [8, 0, 8.25, 0.5], "texture": "#2"}
			}
		},
		{
			"from": [9, 1, 10],
			"to": [10, 2, 11],
			"rotation": {"angle": 0, "axis": "y", "origin": [-8, 0, -8]},
			"faces": {
				"north": {"uv": [8, 0, 8.25, 0.5], "texture": "#2"},
				"east": {"uv": [8, 0, 8.25, 0.5], "texture": "#2"},
				"south": {"uv": [8, 0, 8.25, 0.5], "texture": "#2"},
				"west": {"uv": [8, 0, 8.25, 0.5], "texture": "#2"},
				"up": {"uv": [8, 0, 8.25, 0.5], "texture": "#2"},
				"down": {"uv": [8, 0, 8.25, 0.5], "texture": "#2"}
			}
		},
		{
			"from": [7, 1, 10],
			"to": [8, 2, 11],
			"rotation": {"angle": 0, "axis": "y", "origin": [-8, 0, -8]},
			"faces": {
				"north": {"uv": [8, 0, 8.25, 0.5], "texture": "#2"},
				"east": {"uv": [8, 0, 8.25, 0.5], "texture": "#2"},
				"south": {"uv": [8, 0, 8.25, 0.5], "texture": "#2"},
				"west": {"uv": [8, 0, 8.25, 0.5], "texture": "#2"},
				"up": {"uv": [8, 0, 8.25, 0.5], "texture": "#2"},
				"down": {"uv": [8, 0, 8.25, 0.5], "texture": "#2"}
			}
		},
		{
			"from": [5, 1, 10],
			"to": [6, 2, 11],
			"rotation": {"angle": 0, "axis": "y", "origin": [-8, 0, -8]},
			"faces": {
				"north": {"uv": [8, 0, 8.25, 0.5], "texture": "#2"},
				"east": {"uv": [8, 0, 8.25, 0.5], "texture": "#2"},
				"south": {"uv": [8, 0, 8.25, 0.5], "texture": "#2"},
				"west": {"uv": [8, 0, 8.25, 0.5], "texture": "#2"},
				"up": {"uv": [8, 0, 8.25, 0.5], "texture": "#2"},
				"down": {"uv": [8, 0, 8.25, 0.5], "texture": "#2"}
			}
		},
		{
			"from": [28, 1, 8],
			"to": [30, 2, 9],
			"rotation": {"angle": 0, "axis": "y", "origin": [-8, 0, -8]},
			"faces": {
				"north": {"uv": [8, 0, 8.5, 0.5], "texture": "#2"},
				"east": {"uv": [8, 0, 8.5, 0.5], "texture": "#2"},
				"south": {"uv": [8, 0, 8.5, 0.5], "texture": "#2"},
				"west": {"uv": [8, 0, 8.5, 0.5], "texture": "#2"},
				"up": {"uv": [8, 0, 8.5, 0.5], "texture": "#2"},
				"down": {"uv": [8, 0, 8.5, 0.5], "texture": "#2"}
			}
		},
		{
			"from": [26, 1, 8],
			"to": [27, 2, 9],
			"rotation": {"angle": 0, "axis": "y", "origin": [-8, 0, -8]},
			"faces": {
				"north": {"uv": [8, 0, 8.25, 0.5], "texture": "#2"},
				"east": {"uv": [8, 0, 8.25, 0.5], "texture": "#2"},
				"south": {"uv": [8, 0, 8.25, 0.5], "texture": "#2"},
				"west": {"uv": [8, 0, 8.25, 0.5], "texture": "#2"},
				"up": {"uv": [8, 0, 8.25, 0.5], "texture": "#2"},
				"down": {"uv": [8, 0, 8.25, 0.5], "texture": "#2"}
			}
		},
		{
			"from": [24, 1, 8],
			"to": [25, 2, 9],
			"rotation": {"angle": 0, "axis": "y", "origin": [-8, 0, -8]},
			"faces": {
				"north": {"uv": [8, 0, 8.25, 0.5], "texture": "#2"},
				"east": {"uv": [8, 0, 8.25, 0.5], "texture": "#2"},
				"south": {"uv": [8, 0, 8.25, 0.5], "texture": "#2"},
				"west": {"uv": [8, 0, 8.25, 0.5], "texture": "#2"},
				"up": {"uv": [8, 0, 8.25, 0.5], "texture": "#2"},
				"down": {"uv": [8, 0, 8.25, 0.5], "texture": "#2"}
			}
		},
		{
			"from": [22, 1, 8],
			"to": [23, 2, 9],
			"rotation": {"angle": 0, "axis": "y", "origin": [-8, 0, -8]},
			"faces": {
				"north": {"uv": [8, 0, 8.25, 0.5], "texture": "#2"},
				"east": {"uv": [8, 0, 8.25, 0.5], "texture": "#2"},
				"south": {"uv": [8, 0, 8.25, 0.5], "texture": "#2"},
				"west": {"uv": [8, 0, 8.25, 0.5], "texture": "#2"},
				"up": {"uv": [8, 0, 8.25, 0.5], "texture": "#2"},
				"down": {"uv": [8, 0, 8.25, 0.5], "texture": "#2"}
			}
		},
		{
			"from": [20, 1, 8],
			"to": [21, 2, 9],
			"rotation": {"angle": 0, "axis": "y", "origin": [-8, 0, -8]},
			"faces": {
				"north": {"uv": [8, 0, 8.25, 0.5], "texture": "#2"},
				"east": {"uv": [8, 0, 8.25, 0.5], "texture": "#2"},
				"south": {"uv": [8, 0, 8.25, 0.5], "texture": "#2"},
				"west": {"uv": [8, 0, 8.25, 0.5], "texture": "#2"},
				"up": {"uv": [8, 0, 8.25, 0.5], "texture": "#2"},
				"down": {"uv": [8, 0, 8.25, 0.5], "texture": "#2"}
			}
		},
		{
			"from": [18, 1, 8],
			"to": [19, 2, 9],
			"rotation": {"angle": 0, "axis": "y", "origin": [-8, 0, -8]},
			"faces": {
				"north": {"uv": [8, 0, 8.25, 0.5], "texture": "#2"},
				"east": {"uv": [8, 0, 8.25, 0.5], "texture": "#2"},
				"south": {"uv": [8, 0, 8.25, 0.5], "texture": "#2"},
				"west": {"uv": [8, 0, 8.25, 0.5], "texture": "#2"},
				"up": {"uv": [8, 0, 8.25, 0.5], "texture": "#2"},
				"down": {"uv": [8, 0, 8.25, 0.5], "texture": "#2"}
			}
		},
		{
			"from": [16, 1, 8],
			"to": [17, 2, 9],
			"rotation": {"angle": 0, "axis": "y", "origin": [-8, 0, -8]},
			"faces": {
				"north": {"uv": [8, 0, 8.25, 0.5], "texture": "#2"},
				"east": {"uv": [8, 0, 8.25, 0.5], "texture": "#2"},
				"south": {"uv": [8, 0, 8.25, 0.5], "texture": "#2"},
				"west": {"uv": [8, 0, 8.25, 0.5], "texture": "#2"},
				"up": {"uv": [8, 0, 8.25, 0.5], "texture": "#2"},
				"down": {"uv": [8, 0, 8.25, 0.5], "texture": "#2"}
			}
		},
		{
			"from": [14, 1, 8],
			"to": [15, 2, 9],
			"rotation": {"angle": 0, "axis": "y", "origin": [-8, 0, -8]},
			"faces": {
				"north": {"uv": [8, 0, 8.25, 0.5], "texture": "#2"},
				"east": {"uv": [8, 0, 8.25, 0.5], "texture": "#2"},
				"south": {"uv": [8, 0, 8.25, 0.5], "texture": "#2"},
				"west": {"uv": [8, 0, 8.25, 0.5], "texture": "#2"},
				"up": {"uv": [8, 0, 8.25, 0.5], "texture": "#2"},
				"down": {"uv": [8, 0, 8.25, 0.5], "texture": "#2"}
			}
		},
		{
			"from": [12, 1, 8],
			"to": [13, 2, 9],
			"rotation": {"angle": 0, "axis": "y", "origin": [-8, 0, -8]},
			"faces": {
				"north": {"uv": [8, 0, 8.25, 0.5], "texture": "#2"},
				"east": {"uv": [8, 0, 8.25, 0.5], "texture": "#2"},
				"south": {"uv": [8, 0, 8.25, 0.5], "texture": "#2"},
				"west": {"uv": [8, 0, 8.25, 0.5], "texture": "#2"},
				"up": {"uv": [8, 0, 8.25, 0.5], "texture": "#2"},
				"down": {"uv": [8, 0, 8.25, 0.5], "texture": "#2"}
			}
		},
		{
			"from": [10, 1, 8],
			"to": [11, 2, 9],
			"rotation": {"angle": 0, "axis": "y", "origin": [-8, 0, -8]},
			"faces": {
				"north": {"uv": [8, 0, 8.25, 0.5], "texture": "#2"},
				"east": {"uv": [8, 0, 8.25, 0.5], "texture": "#2"},
				"south": {"uv": [8, 0, 8.25, 0.5], "texture": "#2"},
				"west": {"uv": [8, 0, 8.25, 0.5], "texture": "#2"},
				"up": {"uv": [8, 0, 8.25, 0.5], "texture": "#2"},
				"down": {"uv": [8, 0, 8.25, 0.5], "texture": "#2"}
			}
		},
		{
			"from": [8, 1, 8],
			"to": [9, 2, 9],
			"rotation": {"angle": 0, "axis": "y", "origin": [-8, 0, -8]},
			"faces": {
				"north": {"uv": [8, 0, 8.25, 0.5], "texture": "#2"},
				"east": {"uv": [8, 0, 8.25, 0.5], "texture": "#2"},
				"south": {"uv": [8, 0, 8.25, 0.5], "texture": "#2"},
				"west": {"uv": [8, 0, 8.25, 0.5], "texture": "#2"},
				"up": {"uv": [8, 0, 8.25, 0.5], "texture": "#2"},
				"down": {"uv": [8, 0, 8.25, 0.5], "texture": "#2"}
			}
		},
		{
			"from": [6, 1, 8],
			"to": [7, 2, 9],
			"rotation": {"angle": 0, "axis": "y", "origin": [-8, 0, -8]},
			"faces": {
				"north": {"uv": [8, 0, 8.25, 0.5], "texture": "#2"},
				"east": {"uv": [8, 0, 8.25, 0.5], "texture": "#2"},
				"south": {"uv": [8, 0, 8.25, 0.5], "texture": "#2"},
				"west": {"uv": [8, 0, 8.25, 0.5], "texture": "#2"},
				"up": {"uv": [8, 0, 8.25, 0.5], "texture": "#2"},
				"down": {"uv": [8, 0, 8.25, 0.5], "texture": "#2"}
			}
		},
		{
			"from": [4, 1, 8],
			"to": [5, 2, 9],
			"rotation": {"angle": 0, "axis": "y", "origin": [-8, 0, -8]},
			"faces": {
				"north": {"uv": [8, 0, 8.25, 0.5], "texture": "#2"},
				"east": {"uv": [8, 0, 8.25, 0.5], "texture": "#2"},
				"south": {"uv": [8, 0, 8.25, 0.5], "texture": "#2"},
				"west": {"uv": [8, 0, 8.25, 0.5], "texture": "#2"},
				"up": {"uv": [8, 0, 8.25, 0.5], "texture": "#2"},
				"down": {"uv": [8, 0, 8.25, 0.5], "texture": "#2"}
			}
		},
		{
			"from": [2, 1, 6],
			"to": [5, 2, 7],
			"rotation": {"angle": 0, "axis": "y", "origin": [-8, 0, -8]},
			"faces": {
				"north": {"uv": [8, 0, 8.75, 0.5], "texture": "#2"},
				"east": {"uv": [8, 0, 8.75, 0.5], "texture": "#2"},
				"south": {"uv": [8, 0, 8.75, 0.5], "texture": "#2"},
				"west": {"uv": [8, 0, 8.75, 0.5], "texture": "#2"},
				"up": {"uv": [8, 0, 8.75, 0.5], "texture": "#2"},
				"down": {"uv": [8, 0, 8.75, 0.5], "texture": "#2"}
			}
		},
		{
			"from": [28, 1, 6],
			"to": [30, 2, 7],
			"rotation": {"angle": 0, "axis": "y", "origin": [-8, 0, -8]},
			"faces": {
				"north": {"uv": [8, 0, 8.5, 0.5], "texture": "#2"},
				"east": {"uv": [8, 0, 8.5, 0.5], "texture": "#2"},
				"south": {"uv": [8, 0, 8.5, 0.5], "texture": "#2"},
				"west": {"uv": [8, 0, 8.5, 0.5], "texture": "#2"},
				"up": {"uv": [8, 0, 8.5, 0.5], "texture": "#2"},
				"down": {"uv": [8, 0, 8.5, 0.5], "texture": "#2"}
			}
		},
		{
			"from": [26, 1, 6],
			"to": [27, 2, 7],
			"rotation": {"angle": 0, "axis": "y", "origin": [-8, 0, -8]},
			"faces": {
				"north": {"uv": [8, 0, 8.25, 0.5], "texture": "#2"},
				"east": {"uv": [8, 0, 8.25, 0.5], "texture": "#2"},
				"south": {"uv": [8, 0, 8.25, 0.5], "texture": "#2"},
				"west": {"uv": [8, 0, 8.25, 0.5], "texture": "#2"},
				"up": {"uv": [8, 0, 8.25, 0.5], "texture": "#2"},
				"down": {"uv": [8, 0, 8.25, 0.5], "texture": "#2"}
			}
		},
		{
			"from": [24, 1, 6],
			"to": [25, 2, 7],
			"rotation": {"angle": 0, "axis": "y", "origin": [-8, 0, -8]},
			"faces": {
				"north": {"uv": [8, 0, 8.25, 0.5], "texture": "#2"},
				"east": {"uv": [8, 0, 8.25, 0.5], "texture": "#2"},
				"south": {"uv": [8, 0, 8.25, 0.5], "texture": "#2"},
				"west": {"uv": [8, 0, 8.25, 0.5], "texture": "#2"},
				"up": {"uv": [8, 0, 8.25, 0.5], "texture": "#2"},
				"down": {"uv": [8, 0, 8.25, 0.5], "texture": "#2"}
			}
		},
		{
			"from": [22, 1, 6],
			"to": [23, 2, 7],
			"rotation": {"angle": 0, "axis": "y", "origin": [-8, 0, -8]},
			"faces": {
				"north": {"uv": [8, 0, 8.25, 0.5], "texture": "#2"},
				"east": {"uv": [8, 0, 8.25, 0.5], "texture": "#2"},
				"south": {"uv": [8, 0, 8.25, 0.5], "texture": "#2"},
				"west": {"uv": [8, 0, 8.25, 0.5], "texture": "#2"},
				"up": {"uv": [8, 0, 8.25, 0.5], "texture": "#2"},
				"down": {"uv": [8, 0, 8.25, 0.5], "texture": "#2"}
			}
		},
		{
			"from": [20, 1, 6],
			"to": [21, 2, 7],
			"rotation": {"angle": 0, "axis": "y", "origin": [-8, 0, -8]},
			"faces": {
				"north": {"uv": [8, 0, 8.25, 0.5], "texture": "#2"},
				"east": {"uv": [8, 0, 8.25, 0.5], "texture": "#2"},
				"south": {"uv": [8, 0, 8.25, 0.5], "texture": "#2"},
				"west": {"uv": [8, 0, 8.25, 0.5], "texture": "#2"},
				"up": {"uv": [8, 0, 8.25, 0.5], "texture": "#2"},
				"down": {"uv": [8, 0, 8.25, 0.5], "texture": "#2"}
			}
		},
		{
			"from": [18, 1, 6],
			"to": [19, 2, 7],
			"rotation": {"angle": 0, "axis": "y", "origin": [-8, 0, -8]},
			"faces": {
				"north": {"uv": [8, 0, 8.25, 0.5], "texture": "#2"},
				"east": {"uv": [8, 0, 8.25, 0.5], "texture": "#2"},
				"south": {"uv": [8, 0, 8.25, 0.5], "texture": "#2"},
				"west": {"uv": [8, 0, 8.25, 0.5], "texture": "#2"},
				"up": {"uv": [8, 0, 8.25, 0.5], "texture": "#2"},
				"down": {"uv": [8, 0, 8.25, 0.5], "texture": "#2"}
			}
		},
		{
			"from": [16, 1, 6],
			"to": [17, 2, 7],
			"rotation": {"angle": 0, "axis": "y", "origin": [-8, 0, -8]},
			"faces": {
				"north": {"uv": [8, 0, 8.25, 0.5], "texture": "#2"},
				"east": {"uv": [8, 0, 8.25, 0.5], "texture": "#2"},
				"south": {"uv": [8, 0, 8.25, 0.5], "texture": "#2"},
				"west": {"uv": [8, 0, 8.25, 0.5], "texture": "#2"},
				"up": {"uv": [8, 0, 8.25, 0.5], "texture": "#2"},
				"down": {"uv": [8, 0, 8.25, 0.5], "texture": "#2"}
			}
		},
		{
			"from": [14, 1, 6],
			"to": [15, 2, 7],
			"rotation": {"angle": 0, "axis": "y", "origin": [-8, 0, -8]},
			"faces": {
				"north": {"uv": [8, 0, 8.25, 0.5], "texture": "#2"},
				"east": {"uv": [8, 0, 8.25, 0.5], "texture": "#2"},
				"south": {"uv": [8, 0, 8.25, 0.5], "texture": "#2"},
				"west": {"uv": [8, 0, 8.25, 0.5], "texture": "#2"},
				"up": {"uv": [8, 0, 8.25, 0.5], "texture": "#2"},
				"down": {"uv": [8, 0, 8.25, 0.5], "texture": "#2"}
			}
		},
		{
			"from": [12, 1, 6],
			"to": [13, 2, 7],
			"rotation": {"angle": 0, "axis": "y", "origin": [-8, 0, -8]},
			"faces": {
				"north": {"uv": [8, 0, 8.25, 0.5], "texture": "#2"},
				"east": {"uv": [8, 0, 8.25, 0.5], "texture": "#2"},
				"south": {"uv": [8, 0, 8.25, 0.5], "texture": "#2"},
				"west": {"uv": [8, 0, 8.25, 0.5], "texture": "#2"},
				"up": {"uv": [8, 0, 8.25, 0.5], "texture": "#2"},
				"down": {"uv": [8, 0, 8.25, 0.5], "texture": "#2"}
			}
		},
		{
			"from": [10, 1, 6],
			"to": [11, 2, 7],
			"rotation": {"angle": 0, "axis": "y", "origin": [-8, 0, -8]},
			"faces": {
				"north": {"uv": [8, 0, 8.25, 0.5], "texture": "#2"},
				"east": {"uv": [8, 0, 8.25, 0.5], "texture": "#2"},
				"south": {"uv": [8, 0, 8.25, 0.5], "texture": "#2"},
				"west": {"uv": [8, 0, 8.25, 0.5], "texture": "#2"},
				"up": {"uv": [8, 0, 8.25, 0.5], "texture": "#2"},
				"down": {"uv": [8, 0, 8.25, 0.5], "texture": "#2"}
			}
		},
		{
			"from": [8, 1, 6],
			"to": [9, 2, 7],
			"rotation": {"angle": 0, "axis": "y", "origin": [-8, 0, -8]},
			"faces": {
				"north": {"uv": [8, 0, 8.25, 0.5], "texture": "#2"},
				"east": {"uv": [8, 0, 8.25, 0.5], "texture": "#2"},
				"south": {"uv": [8, 0, 8.25, 0.5], "texture": "#2"},
				"west": {"uv": [8, 0, 8.25, 0.5], "texture": "#2"},
				"up": {"uv": [8, 0, 8.25, 0.5], "texture": "#2"},
				"down": {"uv": [8, 0, 8.25, 0.5], "texture": "#2"}
			}
		},
		{
			"from": [6, 1, 6],
			"to": [7, 2, 7],
			"rotation": {"angle": 0, "axis": "y", "origin": [-8, 0, -8]},
			"faces": {
				"north": {"uv": [8, 0, 8.25, 0.5], "texture": "#2"},
				"east": {"uv": [8, 0, 8.25, 0.5], "texture": "#2"},
				"south": {"uv": [8, 0, 8.25, 0.5], "texture": "#2"},
				"west": {"uv": [8, 0, 8.25, 0.5], "texture": "#2"},
				"up": {"uv": [8, 0, 8.25, 0.5], "texture": "#2"},
				"down": {"uv": [8, 0, 8.25, 0.5], "texture": "#2"}
			}
		},
		{
			"from": [2, 1, 7],
			"to": [3, 2, 8],
			"rotation": {"angle": 0, "axis": "y", "origin": [-8, 0, -8]},
			"faces": {
				"north": {"uv": [8, 0, 8.25, 0.5], "texture": "#2"},
				"east": {"uv": [8, 0, 8.25, 0.5], "texture": "#2"},
				"south": {"uv": [8, 0, 8.25, 0.5], "texture": "#2"},
				"west": {"uv": [8, 0, 8.25, 0.5], "texture": "#2"},
				"up": {"uv": [8, 0, 8.25, 0.5], "texture": "#2"},
				"down": {"uv": [8, 0, 8.25, 0.5], "texture": "#2"}
			}
		},
		{
			"from": [2, 1, 4],
			"to": [5, 2, 5],
			"rotation": {"angle": 0, "axis": "y", "origin": [-8, 0, -8]},
			"faces": {
				"north": {"uv": [8, 0, 8.75, 0.5], "texture": "#2"},
				"east": {"uv": [8, 0, 8.75, 0.5], "texture": "#2"},
				"south": {"uv": [8, 0, 8.75, 0.5], "texture": "#2"},
				"west": {"uv": [8, 0, 8.75, 0.5], "texture": "#2"},
				"up": {"uv": [8, 0, 8.75, 0.5], "texture": "#2"},
				"down": {"uv": [8, 0, 8.75, 0.5], "texture": "#2"}
			}
		},
		{
			"from": [28, 1, 4],
			"to": [30, 2, 5],
			"rotation": {"angle": 0, "axis": "y", "origin": [-8, 0, -8]},
			"faces": {
				"north": {"uv": [8, 0, 8.5, 0.5], "texture": "#2"},
				"east": {"uv": [8, 0, 8.5, 0.5], "texture": "#2"},
				"south": {"uv": [8, 0, 8.5, 0.5], "texture": "#2"},
				"west": {"uv": [8, 0, 8.5, 0.5], "texture": "#2"},
				"up": {"uv": [8, 0, 8.5, 0.5], "texture": "#2"},
				"down": {"uv": [8, 0, 8.5, 0.5], "texture": "#2"}
			}
		},
		{
			"from": [26, 1, 4],
			"to": [27, 2, 5],
			"rotation": {"angle": 0, "axis": "y", "origin": [-8, 0, -8]},
			"faces": {
				"north": {"uv": [8, 0, 8.25, 0.5], "texture": "#2"},
				"east": {"uv": [8, 0, 8.25, 0.5], "texture": "#2"},
				"south": {"uv": [8, 0, 8.25, 0.5], "texture": "#2"},
				"west": {"uv": [8, 0, 8.25, 0.5], "texture": "#2"},
				"up": {"uv": [8, 0, 8.25, 0.5], "texture": "#2"},
				"down": {"uv": [8, 0, 8.25, 0.5], "texture": "#2"}
			}
		},
		{
			"from": [24, 1, 4],
			"to": [25, 2, 5],
			"rotation": {"angle": 0, "axis": "y", "origin": [-8, 0, -8]},
			"faces": {
				"north": {"uv": [8, 0, 8.25, 0.5], "texture": "#2"},
				"east": {"uv": [8, 0, 8.25, 0.5], "texture": "#2"},
				"south": {"uv": [8, 0, 8.25, 0.5], "texture": "#2"},
				"west": {"uv": [8, 0, 8.25, 0.5], "texture": "#2"},
				"up": {"uv": [8, 0, 8.25, 0.5], "texture": "#2"},
				"down": {"uv": [8, 0, 8.25, 0.5], "texture": "#2"}
			}
		},
		{
			"from": [22, 1, 4],
			"to": [23, 2, 5],
			"rotation": {"angle": 0, "axis": "y", "origin": [-8, 0, -8]},
			"faces": {
				"north": {"uv": [8, 0, 8.25, 0.5], "texture": "#2"},
				"east": {"uv": [8, 0, 8.25, 0.5], "texture": "#2"},
				"south": {"uv": [8, 0, 8.25, 0.5], "texture": "#2"},
				"west": {"uv": [8, 0, 8.25, 0.5], "texture": "#2"},
				"up": {"uv": [8, 0, 8.25, 0.5], "texture": "#2"},
				"down": {"uv": [8, 0, 8.25, 0.5], "texture": "#2"}
			}
		},
		{
			"from": [20, 1, 4],
			"to": [21, 2, 5],
			"rotation": {"angle": 0, "axis": "y", "origin": [-8, 0, -8]},
			"faces": {
				"north": {"uv": [8, 0, 8.25, 0.5], "texture": "#2"},
				"east": {"uv": [8, 0, 8.25, 0.5], "texture": "#2"},
				"south": {"uv": [8, 0, 8.25, 0.5], "texture": "#2"},
				"west": {"uv": [8, 0, 8.25, 0.5], "texture": "#2"},
				"up": {"uv": [8, 0, 8.25, 0.5], "texture": "#2"},
				"down": {"uv": [8, 0, 8.25, 0.5], "texture": "#2"}
			}
		},
		{
			"from": [18, 1, 4],
			"to": [19, 2, 5],
			"rotation": {"angle": 0, "axis": "y", "origin": [-8, 0, -8]},
			"faces": {
				"north": {"uv": [8, 0, 8.25, 0.5], "texture": "#2"},
				"east": {"uv": [8, 0, 8.25, 0.5], "texture": "#2"},
				"south": {"uv": [8, 0, 8.25, 0.5], "texture": "#2"},
				"west": {"uv": [8, 0, 8.25, 0.5], "texture": "#2"},
				"up": {"uv": [8, 0, 8.25, 0.5], "texture": "#2"},
				"down": {"uv": [8, 0, 8.25, 0.5], "texture": "#2"}
			}
		},
		{
			"from": [16, 1, 4],
			"to": [17, 2, 5],
			"rotation": {"angle": 0, "axis": "y", "origin": [-8, 0, -8]},
			"faces": {
				"north": {"uv": [8, 0, 8.25, 0.5], "texture": "#2"},
				"east": {"uv": [8, 0, 8.25, 0.5], "texture": "#2"},
				"south": {"uv": [8, 0, 8.25, 0.5], "texture": "#2"},
				"west": {"uv": [8, 0, 8.25, 0.5], "texture": "#2"},
				"up": {"uv": [8, 0, 8.25, 0.5], "texture": "#2"},
				"down": {"uv": [8, 0, 8.25, 0.5], "texture": "#2"}
			}
		},
		{
			"from": [14, 1, 4],
			"to": [15, 2, 5],
			"rotation": {"angle": 0, "axis": "y", "origin": [-8, 0, -8]},
			"faces": {
				"north": {"uv": [8, 0, 8.25, 0.5], "texture": "#2"},
				"east": {"uv": [8, 0, 8.25, 0.5], "texture": "#2"},
				"south": {"uv": [8, 0, 8.25, 0.5], "texture": "#2"},
				"west": {"uv": [8, 0, 8.25, 0.5], "texture": "#2"},
				"up": {"uv": [8, 0, 8.25, 0.5], "texture": "#2"},
				"down": {"uv": [8, 0, 8.25, 0.5], "texture": "#2"}
			}
		},
		{
			"from": [12, 1, 4],
			"to": [13, 2, 5],
			"rotation": {"angle": 0, "axis": "y", "origin": [-8, 0, -8]},
			"faces": {
				"north": {"uv": [8, 0, 8.25, 0.5], "texture": "#2"},
				"east": {"uv": [8, 0, 8.25, 0.5], "texture": "#2"},
				"south": {"uv": [8, 0, 8.25, 0.5], "texture": "#2"},
				"west": {"uv": [8, 0, 8.25, 0.5], "texture": "#2"},
				"up": {"uv": [8, 0, 8.25, 0.5], "texture": "#2"},
				"down": {"uv": [8, 0, 8.25, 0.5], "texture": "#2"}
			}
		},
		{
			"from": [10, 1, 4],
			"to": [11, 2, 5],
			"rotation": {"angle": 0, "axis": "y", "origin": [-8, 0, -8]},
			"faces": {
				"north": {"uv": [8, 0, 8.25, 0.5], "texture": "#2"},
				"east": {"uv": [8, 0, 8.25, 0.5], "texture": "#2"},
				"south": {"uv": [8, 0, 8.25, 0.5], "texture": "#2"},
				"west": {"uv": [8, 0, 8.25, 0.5], "texture": "#2"},
				"up": {"uv": [8, 0, 8.25, 0.5], "texture": "#2"},
				"down": {"uv": [8, 0, 8.25, 0.5], "texture": "#2"}
			}
		},
		{
			"from": [8, 1, 4],
			"to": [9, 2, 5],
			"rotation": {"angle": 0, "axis": "y", "origin": [-8, 0, -8]},
			"faces": {
				"north": {"uv": [8, 0, 8.25, 0.5], "texture": "#2"},
				"east": {"uv": [8, 0, 8.25, 0.5], "texture": "#2"},
				"south": {"uv": [8, 0, 8.25, 0.5], "texture": "#2"},
				"west": {"uv": [8, 0, 8.25, 0.5], "texture": "#2"},
				"up": {"uv": [8, 0, 8.25, 0.5], "texture": "#2"},
				"down": {"uv": [8, 0, 8.25, 0.5], "texture": "#2"}
			}
		},
		{
			"from": [6, 1, 4],
			"to": [7, 2, 5],
			"rotation": {"angle": 0, "axis": "y", "origin": [-8, 0, -8]},
			"faces": {
				"north": {"uv": [8, 0, 8.25, 0.5], "texture": "#2"},
				"east": {"uv": [8, 0, 8.25, 0.5], "texture": "#2"},
				"south": {"uv": [8, 0, 8.25, 0.5], "texture": "#2"},
				"west": {"uv": [8, 0, 8.25, 0.5], "texture": "#2"},
				"up": {"uv": [8, 0, 8.25, 0.5], "texture": "#2"},
				"down": {"uv": [8, 0, 8.25, 0.5], "texture": "#2"}
			}
		},
		{
			"from": [2, 1, 2],
			"to": [4, 2, 3],
			"rotation": {"angle": 0, "axis": "y", "origin": [-8, 0, -8]},
			"faces": {
				"north": {"uv": [8, 0, 8.75, 0.5], "texture": "#2"},
				"east": {"uv": [8, 0, 8.75, 0.5], "texture": "#2"},
				"south": {"uv": [8, 0, 8.75, 0.5], "texture": "#2"},
				"west": {"uv": [8, 0, 8.75, 0.5], "texture": "#2"},
				"up": {"uv": [8, 0, 8.75, 0.5], "texture": "#2"},
				"down": {"uv": [8, 0, 8.75, 0.5], "texture": "#2"}
			}
		},
		{
			"from": [28, 1, 2],
			"to": [30, 2, 3],
			"rotation": {"angle": 0, "axis": "y", "origin": [-8, 0, -8]},
			"faces": {
				"north": {"uv": [8, 0, 8.5, 0.5], "texture": "#2"},
				"east": {"uv": [8, 0, 8.5, 0.5], "texture": "#2"},
				"south": {"uv": [8, 0, 8.5, 0.5], "texture": "#2"},
				"west": {"uv": [8, 0, 8.5, 0.5], "texture": "#2"},
				"up": {"uv": [8, 0, 8.5, 0.5], "texture": "#2"},
				"down": {"uv": [8, 0, 8.5, 0.5], "texture": "#2"}
			}
		},
		{
			"from": [26, 1, 2],
			"to": [27, 2, 3],
			"rotation": {"angle": 0, "axis": "y", "origin": [-8, 0, -8]},
			"faces": {
				"north": {"uv": [8, 0, 8.25, 0.5], "texture": "#2"},
				"east": {"uv": [8, 0, 8.25, 0.5], "texture": "#2"},
				"south": {"uv": [8, 0, 8.25, 0.5], "texture": "#2"},
				"west": {"uv": [8, 0, 8.25, 0.5], "texture": "#2"},
				"up": {"uv": [8, 0, 8.25, 0.5], "texture": "#2"},
				"down": {"uv": [8, 0, 8.25, 0.5], "texture": "#2"}
			}
		},
		{
			"from": [24, 1, 2],
			"to": [25, 2, 3],
			"rotation": {"angle": 0, "axis": "y", "origin": [-8, 0, -8]},
			"faces": {
				"north": {"uv": [8, 0, 8.25, 0.5], "texture": "#2"},
				"east": {"uv": [8, 0, 8.25, 0.5], "texture": "#2"},
				"south": {"uv": [8, 0, 8.25, 0.5], "texture": "#2"},
				"west": {"uv": [8, 0, 8.25, 0.5], "texture": "#2"},
				"up": {"uv": [8, 0, 8.25, 0.5], "texture": "#2"},
				"down": {"uv": [8, 0, 8.25, 0.5], "texture": "#2"}
			}
		},
		{
			"from": [11, 1, 2],
			"to": [23, 2, 3],
			"rotation": {"angle": 0, "axis": "y", "origin": [-8, 0, -8]},
			"faces": {
				"north": {"uv": [8, 0, 8.25, 0.5], "texture": "#2"},
				"east": {"uv": [8, 0, 8.25, 0.5], "texture": "#2"},
				"south": {"uv": [8, 0, 8.25, 0.5], "texture": "#2"},
				"west": {"uv": [8, 0, 8.25, 0.5], "texture": "#2"},
				"up": {"uv": [8, 0, 8.25, 0.5], "texture": "#2"},
				"down": {"uv": [8, 0, 8.25, 0.5], "texture": "#2"}
			}
		},
		{
			"from": [9, 1, 2],
			"to": [10, 2, 3],
			"rotation": {"angle": 0, "axis": "y", "origin": [-8, 0, -8]},
			"faces": {
				"north": {"uv": [8, 0, 8.25, 0.5], "texture": "#2"},
				"east": {"uv": [8, 0, 8.25, 0.5], "texture": "#2"},
				"south": {"uv": [8, 0, 8.25, 0.5], "texture": "#2"},
				"west": {"uv": [8, 0, 8.25, 0.5], "texture": "#2"},
				"up": {"uv": [8, 0, 8.25, 0.5], "texture": "#2"},
				"down": {"uv": [8, 0, 8.25, 0.5], "texture": "#2"}
			}
		},
		{
			"from": [7, 1, 2],
			"to": [8, 2, 3],
			"rotation": {"angle": 0, "axis": "y", "origin": [-8, 0, -8]},
			"faces": {
				"north": {"uv": [8, 0, 8.25, 0.5], "texture": "#2"},
				"east": {"uv": [8, 0, 8.25, 0.5], "texture": "#2"},
				"south": {"uv": [8, 0, 8.25, 0.5], "texture": "#2"},
				"west": {"uv": [8, 0, 8.25, 0.5], "texture": "#2"},
				"up": {"uv": [8, 0, 8.25, 0.5], "texture": "#2"},
				"down": {"uv": [8, 0, 8.25, 0.5], "texture": "#2"}
			}
		},
		{
			"from": [5, 1, 2],
			"to": [6, 2, 3],
			"rotation": {"angle": 0, "axis": "y", "origin": [-8, 0, -8]},
			"faces": {
				"north": {"uv": [8, 0, 8.25, 0.5], "texture": "#2"},
				"east": {"uv": [8, 0, 8.25, 0.5], "texture": "#2"},
				"south": {"uv": [8, 0, 8.25, 0.5], "texture": "#2"},
				"west": {"uv": [8, 0, 8.25, 0.5], "texture": "#2"},
				"up": {"uv": [8, 0, 8.25, 0.5], "texture": "#2"},
				"down": {"uv": [8, 0, 8.25, 0.5], "texture": "#2"}
			}
		},
		{
			"from": [-14, 0, 2],
			"to": [30, 1, 14],
			"rotation": {"angle": 0, "axis": "y", "origin": [-8, 0, -8]},
			"faces": {
				"north": {"uv": [0, 0, 7, 0.5], "texture": "#2"},
				"east": {"uv": [0, 0, 7, 0.5], "texture": "#2"},
				"south": {"uv": [0, 0, 7, 0.5], "texture": "#2"},
				"west": {"uv": [0, 0, 7, 0.5], "texture": "#2"},
				"up": {"uv": [0, 0, 7, 0.5], "texture": "#2"},
				"down": {"uv": [0, 0, 7, 0.5], "texture": "#2"}
			}
		}
	],
	"display": {
		"thirdperson_righthand": {
			"rotation": [100, -180, 0],
			"translation": [-5.5, 0, 3.25],
			"scale": [0.5, 0.5, 0.5]
		},
		"thirdperson_lefthand": {
			"rotation": [100, -180, 0],
			"translation": [-5.5, 0, 3.25],
			"scale": [0.5, 0.5, 0.5]
		},
		"firstperson_righthand": {
			"rotation": [60, -180, 0],
			"translation": [-5.5, 4, 3.25],
			"scale": [0.5, 0.5, 0.5]
		},
		"firstperson_lefthand": {
			"rotation": [60, -180, 0],
			"translation": [-5.5, 4, 3.25],
			"scale": [0.5, 0.5, 0.5]
		},
		"ground": {
			"translation": [0, 4.5, 0]
		},
		"gui": {
			"rotation": [90, -180, 0],
			"scale": [0.8, 0.8, 0.8]
		},
		"head": {
			"rotation": [-90, 0, 0],
			"translation": [0, 0, -14.5]
		},
		"fixed": {
			"rotation": [-90, 0, 0],
			"translation": [3.5, -2.5, -11],
			"scale": [1.25, 1.25, 1.25]
		}
	},
	"groups": [
		{
			"name": "button_upper",
			"origin": [0, 0, 1],
			"color": 0,
			"children": [0, 1, 2, 3, 4, 5, 6, 7, 8, 9, 10, 11, 12, 13, 14, 15, 16]
		},
		{
			"name": "button_kp",
			"origin": [8, 8, 8],
			"color": 0,
			"children": [17, 18, 19, 20, 21, 22, 23, 24, 25, 26, 27, 28, 29, 30, 31, 32, 33]
		},
		{
			"name": "button_middle",
			"origin": [8, 8, 8],
			"color": 0,
			"children": [34, 35, 36, 37, 38, 39, 40, 41, 42, 43]
		},
		{
			"name": "button_main",
			"origin": [8, 8, 8],
			"color": 0,
			"children": [
				{
					"name": "first",
					"origin": [0, 0, 0],
					"color": 0,
					"children": [44, 45, 46, 47, 48, 49, 50, 51, 52, 53, 54, 55, 56, 57]
				},
				{
					"name": "second",
					"origin": [0, 0, 0],
					"color": 0,
					"children": [58, 59, 60, 61, 62, 63, 64, 65, 66, 67, 68, 69, 70]
				},
				{
					"name": "third",
					"origin": [0, 0, 0],
					"color": 0,
					"children": [71, 72, 73, 74, 75, 76, 77, 78, 79, 80, 81, 82, 83, 84]
				},
				{
					"name": "fourth",
					"origin": [8, 8, 8],
					"color": 0,
					"children": [85, 86, 87, 88, 89, 90, 91, 92, 93, 94, 95, 96, 97]
				},
				{
					"name": "fifth",
					"origin": [8, 8, 8],
					"color": 0,
					"children": [98, 99, 100, 101, 102, 103, 104, 105]
				}
			]
		},
		{
			"name": "bone",
			"origin": [0, 0, 0],
			"color": 0,
			"children": [106]
		}
	]
}