{
	"credit": "Made by SheepYhangCN with Blockbench",
	"texture_size": [128, 128],
	"textures": {
		"0": "skins/yuhang"
	},
	"elements": [
		{
			"name": "head",
			"from": [4, 18, 4],
			"to": [12, 26, 12],
			"faces": {
				"north": {"uv": [1, 1, 2, 2], "texture": "#0"},
				"east": {"uv": [0, 1, 1, 2], "texture": "#0"},
				"south": {"uv": [3, 1, 4, 2], "texture": "#0"},
				"west": {"uv": [2, 1, 3, 2], "texture": "#0"},
				"up": {"uv": [2, 1, 1, 0], "texture": "#0"},
				"down": {"uv": [3, 0, 2, 1], "texture": "#0"}
			}
		},
		{
			"name": "armRight",
			"from": [17, 2.5, 7],
			"to": [19, 10.5, 9],
			"rotation": {"angle": 22.5, "axis": "z", "origin": [0, 0, 0]},
			"faces": {
				"north": {"uv": [5.375, 2.875, 5.625, 3.875], "texture": "#0"},
				"east": {"uv": [5.125, 2.875, 5.375, 3.875], "texture": "#0"},
				"south": {"uv": [5.875, 2.875, 6.125, 3.875], "texture": "#0"},
				"west": {"uv": [5.625, 2.875, 5.875, 3.875], "texture": "#0"},
				"up": {"uv": [5.625, 2.875, 5.375, 2.625], "texture": "#0"},
				"down": {"uv": [6.5, 2.125, 6.25, 2.375], "texture": "#0"}
			}
		},
		{
			"name": "armRight",
			"from": [16.5, 7.5, 6.5],
			"to": [19.5, 11.5, 9.5],
			"rotation": {"angle": 22.5, "axis": "z", "origin": [0, 0, 0]},
			"faces": {
				"north": {"uv": [6.875, 7.125, 7.25, 7.625], "texture": "#0"},
				"east": {"uv": [6.5, 7.125, 6.875, 7.625], "texture": "#0"},
				"south": {"uv": [7.625, 7.125, 8, 7.625], "texture": "#0"},
				"west": {"uv": [7.25, 7.125, 7.625, 7.625], "texture": "#0"},
				"up": {"uv": [7.25, 7.125, 6.875, 6.75], "texture": "#0"},
				"down": {"uv": [7.625, 6.75, 7.25, 7.125], "texture": "#0"}
			}
		},
		{
			"name": "armLeft",
			"from": [-4.5, 13.5, 6.5],
			"to": [-1.5, 17.5, 9.5],
			"rotation": {"angle": -22.5, "axis": "z", "origin": [0, 0, 0]},
			"faces": {
				"north": {"uv": [5.25, 5.125, 5.625, 5.625], "texture": "#0"},
				"east": {"uv": [4.875, 5.125, 5.25, 5.625], "texture": "#0"},
				"south": {"uv": [5.125, 5, 5.5, 5.5], "texture": "#0"},
				"west": {"uv": [5.125, 4.875, 5.5, 5.375], "texture": "#0"},
				"up": {"uv": [5.625, 5.125, 5.25, 4.75], "texture": "#0"},
				"down": {"uv": [6, 4.75, 5.625, 5.125], "texture": "#0"}
			}
		},
		{
			"name": "armLeft",
			"from": [-4, 8.5, 7],
			"to": [-2, 16.5, 9],
			"rotation": {"angle": -22.5, "axis": "z", "origin": [0, 0, 0]},
			"faces": {
				"north": {"uv": [5.125, 2.875, 5.375, 3.875], "texture": "#0"},
				"east": {"uv": [4.875, 2.875, 5.125, 3.875], "texture": "#0"},
				"south": {"uv": [5.625, 2.875, 5.875, 3.875], "texture": "#0"},
				"west": {"uv": [5.375, 2.875, 5.625, 3.875], "texture": "#0"},
				"up": {"uv": [5.375, 2.875, 5.125, 2.625], "texture": "#0"},
				"down": {"uv": [6.25, 2.25, 6, 2.5], "texture": "#0"}
			}
		},
		{
			"name": "body",
			"from": [5, 8.999, 5],
			"to": [11, 17.999, 11],
			"faces": {
				"north": {"uv": [2.625, 2.625, 3.375, 3.75], "texture": "#0"},
				"east": {"uv": [1.875, 2.625, 2.625, 3.75], "texture": "#0"},
				"south": {"uv": [4.125, 2.625, 4.875, 3.75], "texture": "#0"},
				"west": {"uv": [3.375, 2.625, 4.125, 3.75], "texture": "#0"},
				"up": {"uv": [3.375, 2.625, 2.625, 1.875], "texture": "#0"},
				"down": {"uv": [4.125, 1.875, 3.375, 2.625], "texture": "#0"}
			}
		},
		{
			"name": "body_out",
			"from": [4.8, 8.799, 4.8],
			"to": [11.2, 18.199, 11.2],
			"faces": {
				"north": {"uv": [2.625, 4.5, 3.375, 5.625], "texture": "#0"},
				"east": {"uv": [1.875, 4.5, 2.625, 5.625], "texture": "#0"},
				"south": {"uv": [4.125, 4.5, 4.875, 5.625], "texture": "#0"},
				"west": {"uv": [3.375, 4.5, 4.125, 5.625], "texture": "#0"},
				"up": {"uv": [3.375, 4.5, 2.625, 3.75], "texture": "#0"},
				"down": {"uv": [4.125, 3.75, 3.375, 4.5], "texture": "#0"}
			}
		},
		{
			"name": "sittingRotationSkirt",
			"from": [3.5, 6, 3.5],
			"to": [12.5, 8, 12.5],
			"faces": {
				"north": {"uv": [0.875, 6.75, 2, 7], "texture": "#0"},
				"east": {"uv": [0, 6.75, 1.125, 7], "texture": "#0"},
				"south": {"uv": [2.625, 6.875, 3.75, 7.125], "texture": "#0"},
				"west": {"uv": [1.875, 6.625, 3, 6.875], "texture": "#0"},
				"up": {"uv": [1.375, 7.625, 0.25, 6.5], "texture": "#0"},
				"down": {"uv": [1.625, 6.5, 0.5, 7.625], "texture": "#0"}
			}
		},
		{
			"name": "sittingRotationSkirt",
			"from": [4, 8, 4],
			"to": [12, 10, 12],
			"faces": {
				"north": {"uv": [1, 7.25, 2, 7.5], "texture": "#0"},
				"east": {"uv": [0, 7.25, 1, 7.5], "texture": "#0"},
				"south": {"uv": [3, 7.25, 4, 7.5], "texture": "#0"},
				"west": {"uv": [2, 7.25, 3, 7.5], "texture": "#0"},
				"up": {"uv": [2, 7.5, 1, 6.5], "texture": "#0"},
				"down": {"uv": [1.875, 6.5, 0.875, 7.5], "texture": "#0"}
			}
		},
		{
			"name": "sittingRotationSkirt",
			"from": [4.5, 10, 4.5],
			"to": [11.5, 12, 11.5],
			"faces": {
				"north": {"uv": [0.875, 5.375, 1.75, 5.625], "texture": "#0"},
				"east": {"uv": [0, 5.375, 0.875, 5.625], "texture": "#0"},
				"south": {"uv": [0.375, 4.875, 1.25, 5.125], "texture": "#0"},
				"west": {"uv": [0.25, 4.75, 1.125, 5], "texture": "#0"},
				"up": {"uv": [1.75, 5.375, 0.875, 4.5], "texture": "#0"},
				"down": {"uv": [2.625, 4.5, 1.75, 5.375], "texture": "#0"}
			}
		},
		{
			"name": "legLeft",
			"from": [4.501, 0, 6.5],
			"to": [7.501, 9, 9.5],
			"faces": {
				"north": {"uv": [0.75, 4.875, 1.125, 6], "texture": "#0"},
				"east": {"uv": [0.375, 4.875, 0.75, 6], "texture": "#0"},
				"south": {"uv": [1.5, 4.875, 1.875, 6], "texture": "#0"},
				"west": {"uv": [1.125, 4.875, 1.5, 6], "texture": "#0"},
				"up": {"uv": [1.125, 4.875, 0.75, 4.5], "texture": "#0"},
				"down": {"uv": [1.5, 4.5, 1.125, 4.875], "texture": "#0"}
			}
		},
		{
			"name": "legRight",
			"from": [8.499, 0, 6.5],
			"to": [11.499, 9, 9.5],
			"faces": {
				"north": {"uv": [0.375, 4.875, 0.75, 6], "texture": "#0"},
				"east": {"uv": [0, 4.875, 0.375, 6], "texture": "#0"},
				"south": {"uv": [1.125, 4.875, 1.5, 6], "texture": "#0"},
				"west": {"uv": [0.75, 4.875, 1.125, 6], "texture": "#0"},
				"up": {"uv": [0.75, 4.875, 0.375, 4.5], "texture": "#0"},
				"down": {"uv": [1.125, 4.5, 0.75, 4.875], "texture": "#0"}
			}
		}
	],
	"display": {
		"thirdperson_righthand": {
			"rotation": [75, 45, 0],
			"translation": [0, 2.5, 0],
			"scale": [0.375, 0.375, 0.375]
		},
		"thirdperson_lefthand": {
			"rotation": [75, 45, 0],
			"translation": [0, 2.5, 0],
			"scale": [0.375, 0.375, 0.375]
		},
		"firstperson_righthand": {
			"rotation": [0, -180, 0],
			"scale": [0.4, 0.4, 0.4]
		},
		"firstperson_lefthand": {
			"rotation": [0, -180, 0],
			"scale": [0.4, 0.4, 0.4]
		},
		"ground": {
			"translation": [0, 5, 0]
		},
		"gui": {
			"rotation": [30, 225, 0],
			"scale": [0.625, 0.625, 0.625]
		},
		"head": {
			"translation": [0, 14.5, 0]
		},
		"fixed": {
			"rotation": [-90, 0, 0],
			"translation": [0, 0, -15],
			"scale": [2, 2, 2]
		}
	},
	"groups": [
		{
			"name": "head",
			"origin": [0, 18, 0],
			"color": 0,
			"children": [0]
		},
		{
			"name": "armRight",
			"origin": [3, 17.5, 0],
			"color": 2,
			"children": [1, 2]
		},
		{
			"name": "armLeft",
			"origin": [-3, 17.5, 0],
			"color": 3,
			"children": [3, 4]
		},
		{
			"name": "body",
			"origin": [0, 10.5, 0],
			"color": 4,
			"children": [
				5,
				6,
				{
					"name": "sittingRotationSkirt",
					"origin": [0, 10.5, 0],
					"color": 5,
					"children": [7, 8, 9]
				}
			]
		},
		{
			"name": "legLeft",
			"origin": [-2, 9, 0],
			"color": 6,
			"children": [10]
		},
		{
			"name": "legRight",
			"origin": [2, 9, 0],
			"color": 7,
			"children": [11]
		}
	]
}